MR1/breath/,MR1/heart/
11.0,70.0
17.0,83.0
14.664352155735717,76.32325846271391
0.0,0.0
133.0,133.0
